id;name;surname;email;course;year
18293867;John;Brown;zcehdj@ucl.ac.uk;H400;2
19472839;Sam;Smith;zcjsairj@ucl.ac.uk;H400;2
18304728;Tom;Adams;zchadh@ucl.ac.uk;H400;2
19204738;Sara;Rowling;zcatsah@ucl.ac.uk;H400;2
18030116;Andrey;Staniukynas;zceeast@ucl.ac.uk;H400;2
19017016;Aishwarya;Shaji;aishwarya.shaji@ucl.ac.uk;H400;2
18473652;Daniel;Moran;zchmoi@ucl.ac.uk;H400;2
19274653;Jene;Benett;zhdjeba@ucl.ac.uk;H400;2
19826423;Craig;Ferrier;zcjdcrfe@ucl.ac.uk;H400;2
19084563;Joanna;Jacobs;zjsjoaja@ucl.ac.uk;H400;2
19826473;Craig;Ferrier;zdjcaea@ucl.ac.uk;H400;2
19364763;Samantha;Kendall;zjdauke@ucl.ac.uk;H400;2
18264726;Roderick;McKensey;zfhaarc@ucl.ac.uk;H400;2
18293829;Kathleen;Smith;zcheyka@ucl.ac.uk;H400;2
18575506;Philip;Howard;ztlvjpq@ucl.ac.uk;H400;2
19953201;Joanna;Jacobs;zeuhifo@ucl.ac.uk;H400;2
18751779;Keith;Jenkins;ztkizrv@ucl.ac.uk;H400;2
18654357;Debra;Kelso;zxoxljk@ucl.ac.uk;H400;2
18941157;Samantha;Kendall;zvoaete@ucl.ac.uk;H400;2
18043245;Roderick;MacKenzie;zmdueje@ucl.ac.uk;H400;2
19310951;Peter;Madden;zftxfbl@ucl.ac.uk;H400;2
18229529;Bryan;Maguire;zzieixb@ucl.ac.uk;H400;2
18937578;David;Mair;zkmydtu@ucl.ac.uk;H400;2
18051117;Ruth;Martin;zsfoedx@ucl.ac.uk;H400;2
18584042;Elaine;Mills;zlkqajq@ucl.ac.uk;H400;2
19288088;Linda;Moore;zkdlqbk@ucl.ac.uk;H400;2
19492723;David;Norton;zkjkslw@ucl.ac.uk;H400;2
19494580;Gail;Parish;zobdlpq@ucl.ac.uk;H400;2
19920802;Jeremy;Peace;zanxdnv@ucl.ac.uk;H400;2
18240355;Margaret;Perry;zkngsml@ucl.ac.uk;H400;2
19013920;Lauren;Rogers;znrabha@ucl.ac.uk;H400;2
18579318;Anthony;Rollins;zpbwtct@ucl.ac.uk;H400;2
18009823;Wendy;Rayo;zzessns@ucl.ac.uk;H400;2
18760376;Sylvie;Samuels;zqpsvdl@ucl.ac.uk;H400;2
19527245;Rosemary;Scanlon;zaixpfx@ucl.ac.uk;H400;2
19986593;Caroline;Shannon;zzhflyc@ucl.ac.uk;H400;2
18020380;Kathleen;Smith;zarghmu@ucl.ac.uk;H400;2
18354641;Robert;Spillane;ztehzwu@ucl.ac.uk;H400;2
19776009;David;Taylor;zfvxugb@ucl.ac.uk;H400;2
18762917;Paul;Thomas;zbvldjf@ucl.ac.uk;H400;2
19199668;Colin;Tomlin;zlleywc@ucl.ac.uk;H400;2
18117662;Michael;Wallis;zjtctkc@ucl.ac.uk;H400;2
19254555;Clare;Watson;zmrbnwj@ucl.ac.uk;H400;2
18646253;Mark;Whitelaw;zvktpzy@ucl.ac.uk;H400;2
19745246;Taghreed;Abdullah;zgpxbtq@ucl.ac.uk;H400;2
18056692;Rosch;Ahmed;zhmnhsv@ucl.ac.uk;H400;2
18288631;Rafiul;Akbar;zmzuazh@ucl.ac.uk;H400;2
18046660;Robert;Allen;zveqavq@ucl.ac.uk;H400;2
18390670;David;Angel;zdxdnqc@ucl.ac.uk;H400;2
18196746;Ron;Ashford;zleiyhk@ucl.ac.uk;H400;2
19583967;Andrew;Baird;znlhbpn@ucl.ac.uk;H400;2
19040458;Ben;Barber;zfhlpjl@ucl.ac.uk;H400;2
18739386;Brian;Barr;zrxcaoz@ucl.ac.uk;H400;2
19225149;Dawn;Butler;zawqgpl@ucl.ac.uk;H400;2
19613643;Sam;Charlton;zzakhij@ucl.ac.uk;H400;2
18383844;Timothy;Crumpton;zetqjsy@ucl.ac.uk;H400;2
18198222;Timothy;Cuthbert;zhkqota@ucl.ac.uk;H400;2
18415096;Tracy;Dabbs;zuvabov@ucl.ac.uk;H400;2
18031141;Philip;Davis;zryxmis@ucl.ac.uk;H400;2
19861617;Peter;Dickson;zzdvcty@ucl.ac.uk;H400;2
18132209;Justin;Donaldson;zltbxcl@ucl.ac.uk;H400;2
19305099;David;Donegan;zqnvhgw@ucl.ac.uk;H400;2
19415166;Rachelle;Edwards;zkxrlih@ucl.ac.uk;H400;2
19323793;Richard;Edwards;zcikljl@ucl.ac.uk;H400;2
18827803;Darach;Ennis;zeqgpht@ucl.ac.uk;H400;2
18132078;James;Green;zgewldf@ucl.ac.uk;H400;2
18474178;David;Grey;zdzvcyb@ucl.ac.uk;H400;2
19746240;Antony;Harbor;zyvlzzv@ucl.ac.uk;H400;2
18455186;Mohammad;Hashmi;zjibafl@ucl.ac.uk;H400;2
19924635;Joyce;Langley;zoaptub@ucl.ac.uk;H400;2
19296705;Adrian;Madden;zyjpqky@ucl.ac.uk;H400;2
18330794;Gwendoline;Mason;zhmlqgj@ucl.ac.uk;H400;2
18879547;Anabel;Masson;zatrect@ucl.ac.uk;H400;2
18931201;Bo;Molloy;zkonnie@ucl.ac.uk;H400;2
18041910;William;Monaghan;zrnrqit@ucl.ac.uk;H400;2
19355511;David;Moore;ziywqnq@ucl.ac.uk;H400;2
18321687;Terence;Murphy;zgejsqz@ucl.ac.uk;H400;2
19423307;Judith;Ridley;zivbcsh@ucl.ac.uk;H400;2
18397082;Janet;Smith;zyttied@ucl.ac.uk;H400;2
18442035;Roy;Spragg;zjdfwps@ucl.ac.uk;H400;2
19718129;Frank;Stephens;zarjxgo@ucl.ac.uk;H400;2
19428454;Frank;Stephens;zcryekq@ucl.ac.uk;H400;2
18840434;Arthur;Stewart;zrrzvzz@ucl.ac.uk;H400;2
19288480;Geraldine;Tutton;zychpop@ucl.ac.uk;H400;2
19620194;Michael;Wade;zaeplek@ucl.ac.uk;H400;2
19709959;Michael;Waite;zvmmzix@ucl.ac.uk;H400;2
19751854;Sandra;Walters;zmfvlre@ucl.ac.uk;H400;2
19423652;Geoffrey;Williams;zntaowr@ucl.ac.uk;H400;2
18078542;Peter;Dickson;zrqmtsb@ucl.ac.uk;H400;2
18147506;Justin;Donaldson;zynqavq@ucl.ac.uk;H400;2
19195671;David;Donegan;zccdybb@ucl.ac.uk;H400;2
18589024;Rachelle;Edwards;zagpzej@ucl.ac.uk;H400;2
18098934;Richard;Edwards;zcjwxfm@ucl.ac.uk;H400;2
18567849;Darach;Ennis;zdxxehi@ucl.ac.uk;H400;2
19369071;James;Green;zamhlxe@ucl.ac.uk;H400;2
19701371;David;Grey;zfgtwfu@ucl.ac.uk;H400;2
19851429;Timothy;Cuthbert;zczxlol@ucl.ac.uk;H400;2
18851075;Tracy;Dabbs;zlykiaq@ucl.ac.uk;H400;2
19957303;Philip;Davis;zwxwbja@ucl.ac.uk;H400;2